/*
SQLyog Ultimate v13.1.1 (64 bit)
MySQL - 5.7.25-log : Database - _clinic
*********************************************************************
*/

/*!40101 SET NAMES utf8 */;

/*!40101 SET SQL_MODE=''*/;

/*!40014 SET @OLD_UNIQUE_CHECKS=@@UNIQUE_CHECKS, UNIQUE_CHECKS=0 */;
/*!40014 SET @OLD_FOREIGN_KEY_CHECKS=@@FOREIGN_KEY_CHECKS, FOREIGN_KEY_CHECKS=0 */;
/*!40101 SET @OLD_SQL_MODE=@@SQL_MODE, SQL_MODE='NO_AUTO_VALUE_ON_ZERO' */;
/*!40111 SET @OLD_SQL_NOTES=@@SQL_NOTES, SQL_NOTES=0 */;
CREATE DATABASE /*!32312 IF NOT EXISTS*/`_clinic` /*!40100 DEFAULT CHARACTER SET utf8 */;

USE `_clinic`;

/*Table structure for table `account` */

DROP TABLE IF EXISTS `account`;

CREATE TABLE `account` (
  `account_id` varchar(255) NOT NULL,
  `username` varchar(30) DEFAULT NULL,
  `password` varchar(255) DEFAULT NULL,
  `Name` varchar(50) DEFAULT NULL,
  `Role` varchar(15) DEFAULT NULL,
  `DateTimeCreated` datetime DEFAULT NULL,
  PRIMARY KEY (`account_id`)
) ENGINE=InnoDB DEFAULT CHARSET=latin1;

/*Data for the table `account` */

insert  into `account`(`account_id`,`username`,`password`,`Name`,`Role`,`DateTimeCreated`) values 
('0eac63bc92f274ce9e3728f526ad10ba','enujs','ea2b1a27d33aa7b161a494069df1bf9e','JD','Admin',NULL),
('11501255f17710952e79563ddc090a4d','june','11501255f17710952e79563ddc090a4d','JD','Admin',NULL),
('bb5e73961d33c3cab71d2a503fc29a20','enujs','0eac63bc92f274ce9e3728f526ad10ba','enuj','Admin',NULL),
('d10dbd7eca60d62cbd84e7620aedf5ad','juneyyyys','3dad9cbf9baaa0360c0f2ba372d25716','June Delmars','Restricted',NULL);

/*Table structure for table `course` */

DROP TABLE IF EXISTS `course`;

CREATE TABLE `course` (
  `Course_id` varchar(7) NOT NULL,
  `Course` varchar(255) DEFAULT NULL,
  `Department_id` varchar(7) DEFAULT NULL,
  `DateTimeCreated` datetime DEFAULT NULL,
  PRIMARY KEY (`Course_id`),
  KEY `course_ibfk_1` (`Department_id`),
  CONSTRAINT `course_ibfk_1` FOREIGN KEY (`Department_id`) REFERENCES `department` (`Department_id`) ON DELETE CASCADE ON UPDATE CASCADE
) ENGINE=InnoDB DEFAULT CHARSET=latin1;

/*Data for the table `course` */

insert  into `course`(`Course_id`,`Course`,`Department_id`,`DateTimeCreated`) values 
('1','GRADE SCHOOL','111',NULL),
('2','JUNIOR HIGH SCHOOL','122',NULL),
('BSABD','akjbdkjasd','213',NULL),
('BSIT','Bachelore of Science in Information Technology','SEAIT',NULL),
('Track','ajnsjakd','123',NULL);

/*Table structure for table `department` */

DROP TABLE IF EXISTS `department`;

CREATE TABLE `department` (
  `Department_id` varchar(7) NOT NULL,
  `Department` varchar(255) DEFAULT NULL,
  `DateTimeCreated` datetime DEFAULT NULL,
  PRIMARY KEY (`Department_id`)
) ENGINE=InnoDB DEFAULT CHARSET=latin1;

/*Data for the table `department` */

insert  into `department`(`Department_id`,`Department`,`DateTimeCreated`) values 
('111','Grade School',NULL),
('122','Junior High School',NULL),
('123','Senior High School',NULL),
('213','College of Law',NULL),
('SEAIT','School of Engineering, Architecture and Information Technology-3',NULL);

/*Table structure for table `history` */

DROP TABLE IF EXISTS `history`;

CREATE TABLE `history` (
  `history_id` varchar(10) NOT NULL,
  `patient_id` varchar(15) DEFAULT NULL,
  `history` varchar(50) DEFAULT NULL,
  `history_description` varchar(255) DEFAULT NULL,
  `DateTimeCreated` datetime DEFAULT NULL,
  PRIMARY KEY (`history_id`),
  KEY `uid` (`patient_id`),
  CONSTRAINT `history_ibfk_1` FOREIGN KEY (`patient_id`) REFERENCES `patient` (`id`)
) ENGINE=InnoDB DEFAULT CHARSET=latin1;

/*Data for the table `history` */

insert  into `history`(`history_id`,`patient_id`,`history`,`history_description`,`DateTimeCreated`) values 
('H061900001','12345','asd','asd','2019-06-12 09:11:44'),
('H061900002','12345',NULL,NULL,NULL);

/*Table structure for table `immunization` */

DROP TABLE IF EXISTS `immunization`;

CREATE TABLE `immunization` (
  `immunization_id` varchar(10) NOT NULL,
  `patient_id` varchar(15) DEFAULT NULL,
  `immunization` varchar(255) DEFAULT NULL,
  `DateTimeCreated` datetime DEFAULT NULL,
  PRIMARY KEY (`immunization_id`),
  KEY `uid` (`patient_id`),
  CONSTRAINT `immunization_ibfk_1` FOREIGN KEY (`patient_id`) REFERENCES `patient` (`id`)
) ENGINE=InnoDB DEFAULT CHARSET=latin1;

/*Data for the table `immunization` */

insert  into `immunization`(`immunization_id`,`patient_id`,`immunization`,`DateTimeCreated`) values 
('I123','12345','Lorem',NULL);

/*Table structure for table `logs` */

DROP TABLE IF EXISTS `logs`;

CREATE TABLE `logs` (
  `log_id` int(11) NOT NULL AUTO_INCREMENT,
  `log_datetime` datetime DEFAULT NULL,
  `ActionDone` varchar(255) DEFAULT NULL,
  `account_id` varchar(10) DEFAULT NULL,
  PRIMARY KEY (`log_id`),
  KEY `account_id` (`account_id`),
  CONSTRAINT `logs_ibfk_1` FOREIGN KEY (`account_id`) REFERENCES `account` (`account_id`)
) ENGINE=InnoDB DEFAULT CHARSET=latin1;

/*Data for the table `logs` */

/*Table structure for table `patient` */

DROP TABLE IF EXISTS `patient`;

CREATE TABLE `patient` (
  `uid` varchar(15) DEFAULT NULL,
  `id` varchar(15) NOT NULL,
  `LastName` varchar(30) DEFAULT NULL,
  `FirstName` varchar(30) DEFAULT NULL,
  `MiddleName` varchar(30) DEFAULT NULL,
  `Department_id` varchar(7) DEFAULT NULL,
  `Course_id` varchar(7) DEFAULT NULL,
  `Level` varchar(7) DEFAULT NULL,
  `YearOrGrade` varchar(30) DEFAULT NULL,
  `Birthday` datetime DEFAULT NULL,
  `Age` tinyint(3) DEFAULT NULL,
  `Sex` varchar(10) DEFAULT NULL,
  `CivilStatus` varchar(15) DEFAULT NULL,
  `Nationality` varchar(30) DEFAULT NULL,
  `HomeAddress` varchar(255) DEFAULT NULL,
  `BoardingAddress` varchar(255) DEFAULT NULL,
  `FathersName` varchar(50) DEFAULT NULL,
  `FathersOccupation` varchar(30) DEFAULT NULL,
  `FathersNumber` varchar(15) DEFAULT NULL,
  `MothersName` varchar(50) DEFAULT NULL,
  `MothersOccupation` varchar(30) DEFAULT NULL,
  `MothersNumber` varchar(15) DEFAULT NULL,
  `LandLadyName` varchar(50) DEFAULT NULL,
  `LandLadyNumber` varchar(15) DEFAULT NULL,
  `EmergencyCallName` varchar(50) DEFAULT NULL,
  `EmergencyRelation` varchar(30) DEFAULT NULL,
  `EmergencyNumber` varchar(15) DEFAULT NULL,
  `FirstMenstruation` datetime DEFAULT NULL,
  `LastMenstruation` datetime DEFAULT NULL,
  `Photo` mediumblob,
  `Signature` mediumblob,
  `DateTimeCreated` datetime DEFAULT NULL,
  PRIMARY KEY (`id`),
  KEY `patient_ibfk_1` (`Department_id`),
  KEY `patient_ibfk_2` (`Course_id`),
  KEY `patient_ibfk_3` (`Level`),
  CONSTRAINT `patient_ibfk_1` FOREIGN KEY (`Department_id`) REFERENCES `department` (`Department_id`) ON DELETE SET NULL ON UPDATE CASCADE,
  CONSTRAINT `patient_ibfk_2` FOREIGN KEY (`Course_id`) REFERENCES `course` (`Course_id`) ON DELETE SET NULL ON UPDATE CASCADE
) ENGINE=InnoDB DEFAULT CHARSET=latin1;

/*Data for the table `patient` */

insert  into `patient`(`uid`,`id`,`LastName`,`FirstName`,`MiddleName`,`Department_id`,`Course_id`,`Level`,`YearOrGrade`,`Birthday`,`Age`,`Sex`,`CivilStatus`,`Nationality`,`HomeAddress`,`BoardingAddress`,`FathersName`,`FathersOccupation`,`FathersNumber`,`MothersName`,`MothersOccupation`,`MothersNumber`,`LandLadyName`,`LandLadyNumber`,`EmergencyCallName`,`EmergencyRelation`,`EmergencyNumber`,`FirstMenstruation`,`LastMenstruation`,`Photo`,`Signature`,`DateTimeCreated`) values 
('29695150','12345','Labitori','June Delmar','Agoot','SEAIT','BSIT','C1',NULL,'2019-05-08 14:39:34',64,'Male','Single','Filipino','Salvacion',NULL,'Rodel','Rodel','123','Marivel','Marivel','123',NULL,NULL,'Marivel','Mother','123',NULL,NULL,NULL,NULL,NULL),
(NULL,'6651561561','June Delamr','adsad','afsaf','123','Track','SHS','12','1989-01-02 00:00:00',30,'Male','Single','Filipino','adsasdsad','dasdsadasfasf','asd','sdfsdf','sdfsdf','asdasd','asadasd','13123123','','234234','asdasd','Mother','13123123','2019-06-12 00:00:00','2019-06-12 00:00:00','GIF89ax\0\0\0\0\0!NETSCAPE2.0\0\0!\0\0\0\0\0,\0\0\0\0x\0\0H*\\ȰÇ#JHŋ3jȱF\0BIɓ(S\\ɲ˗0cʜI͛8sܙs ϟ@\nJѣHӧPJJgXjʵבLKٳ\"â]˶۷7K]r˷Ѽ~LX%+{xǐ6Le/k9ΠCyӛK^zְc}-o=67NxƓ+|3CN=س_OoOOO/\0&_\n6`u`ҵ``Ywa\na \Za$*8b(:xb,Jb0ZlMHVᨣX6#i/(dS=iIgEdZA.$OI>idR\nIe>^Znyc^f0I&fbjf 	\'rΉavRg\'~`Hh\0(._iMJ){^d^i}\n*w]Rj5ꐫ\\j;Ҋ+qjޭk\rKzۢl%mNZ\'mb˭h~k߶Vnbnh\noKoh>opiop.p?LjJqŪ^qGxnǳirW&3&rʼ/s(V6erζY>\\VBsѭWJ/UNkuXMM5UV_-UZCuN}\r6fG͙fvEPnTr3WvݑэNzS~x4\rNLN2n\\⎳yMy`_y$}:&z駏:w޺_;G^3;]<Cם˿<ϧӏ]=w_=G/]>>\\?JܿY\0A6pcX+@5adX6AUp`XA}u^W5Bwp]\'DW\n˵Bq[/VJ5CkpZ7VCeX?$V5D_qWGUkDY5UOdUS5ESUqTWU;EMuR_T#5FGqQgDMT\ZFAOoS4G;qNwS۴G5L$S 4H/rKR\"H)5ItR$4I%UHJWLj_\'P⦔tQ*c32K\\%Z^XRF-si4^\\ڥ/&a>Ɣ\Z2Ye2k|֢)MQa&6ɶM\0G6q_m<\'ҩιvp\nQ>cO1s\'@\'Ё\"]\\B5L]hKJt%EE/jrts\rYH=ё&\rIFSZ54-KM\ZS7t5\rQNtӐ[=OT5CGSQ/Ts-UMS\ZUM5UeWJ\0x`\rXJֲhMD\0;','PNG\r\n\Z\n\0\0\0\rIHDR\0\0t\0\0\0\0\0hl\0\0\0sRGB\0\0\0\0gAMA\0\0a\0\0\0	pHYs\0\0\0\0od\0\0aIDATx^ᖫ8~7weC.Kb1ݕ\'bK\0\0\0\0\0\0%t\0\0\0\0\0\0:.\0\0\0\0\0\0@<\0\0\0\0\0\0\0\0\0\0\0\0\0@\0\0\0\0\0\0S\0\0\0\0\0\0t]\0\0\0\0\0\0Ny\0\0\0\0\0\0)t\0\0\0\0\0\0:.\0\0\0\0\0\0@<\0\0\0\0\0\0\0\0\0\0\0\0\0@\0\0\0\0\0\0S\0\0\0\0\0\0t]\0\0\0\0\0\0Ny\0\0\0\0\0\0)t\0\0\0\0\0\0:.\0\0\0\0\0\0@<\0\0\0\0\0\0\0\0\0\0\0\0\0@\0\0\0\0\0\0S\0\0\0\0\0\0t]\0\0\0\0\0\0Ny\0\0\0\0\0\0)t\0\0\0\0\0\0:.\0\0\0\0\0\0@<\0\0\0\0\0\0\0\0\0\0\0\0\0@\0\0\0\0\0\0S\0\0\0\0\0\0t]\0\0\0\0\0\0Ny\0\0\0\0\0\0)t\0\0\0\0\0\0:.\0\0\0\0\0\0@<\0\0\0\0\0\0\0\0\0\0\0\0\0@\0\0\0\0\0\0S\0\0\0\0\0\0t]\0\0\0\0\0\0Ny\0\0\0\0\0\0)t\0\0\0\0\0\0:.\0\0\0\0\0\0@<\0\0\0\0\0\0\0\0\0\0\0\0\0@\0\0\0\0\0\0S\0\0\0\0\0\0t]\0\0\0\0\0\0Ny\0\0\0\0\0\0)t\0\0\0\0\0\0:.\0\0\0\0\0\0@<\0\0\0\0\0\0\0\0\0\0\0\0\0@\0\0\0\0\0\0S\0\0\0\0\0\0t]\0\0\0\0\0\0Ny\0\0\0\0\0\0)t\0\0\0\0\0\0:.\0\0\0\0\0\0@<\0\0\0\0\0\0\0\0\0\0\0\0\0@\0\0\0\0\0\0S\0\0\0\0\0\0t]\0\0\0\0\0\0Ny1\0\0\0\0\0\0)u\0\0\0\0\0	pA2\0\0\0\0\0\0[z\0\0\0\0\0<\0-\0\0\0\0\0\0pHz\0\0\0\0\0y\0\0\0\0\0\0.W\0\0\0\0\0\0Jz\0\0\0\0\0;\0_Ks[\0\0\0\0\0\0ip0\0\0\0\0\01\0Hr[\0\0\0\0\0\0Ip0\0\0\0\0\0~\0Js[\0\0\0\0\0\0	p \0\0\0\0\0>\0Ks[\0\0\0\0\0\0|tA2\0\0\0\Z\09\0X~qZ\0\0\0J[\09\0I_Z\0\0\03\0H^ˤ/L-\0\0\0`>o\0\0;\'RR\0\0\0K~?S\0\0=rJ. \0\0\0~O\r\0N&җe\0\0\0wQTG\0%P\0\0\0^=bWHH\0\0&}j\0\0\0#k5	\0.Nmҗe\0\0\0T{&#\0\\iU\0\0Y#6~\0p6\'vN\0\0\0FKH\0\0gp\0n,\0\0#~:	\0NO/7\0\0\0.{qt͏\03KM\0\0\0ΒwHϑ\0\0>\0T2\0\0-1y	\0\'e\0\0\0<[8b<C\0t\0\\\0\0`nRZ#G\0(N@җ\0\0\0cJFԑ\0r\0,\0\0?ۈ];\0,v2\0\0\0\Z(#\0]I_LZ\0\0\0\'}\Z1AZG\0d\0\0\0LN5b$8\00;НEd\0\0ӥJd~9\00>;:Х\0\00]hĀsH\0@\0\0#\0sJ_6\0\0(}5o=\075е%\0\0ɈH\0>٥/-\0\0#<SG\0agX\0\0\0>S\Z4;\0B2\0\0#p4k\0#}h\0\0ϐ/t$\0v]`(C\0\0[:\Z:\0p--0a\0\0Яt1yw$\0|vX`8B\0\0tF1KH\09җ\0\0pt5\0>\0e\0\0>\\=b\0\\\'#\0=a/\0\03{i>	\0]Z2\0HQ`,i	\0xN	/}	h\0Yw\0[G\0dw\0\0w;b\0Ф}H\0$ҁ\0\0Ψ#\0G}eo\0dvB`\Z\0s$\0x\Z0t_\0\0G@O^u$\0x;0t_\0\0K8b\00	\0fe-\0\0%	G\0\"Gـ)|\0yވ\0J\0`v4`J\0\0s܈\0I\0`Tv1`Z\09m\0H\00;0t`o\0pt\Z5\0Oi>\0nL-җ\0pL:[\00	\0zd-\0\0tv\Z1\0YyH\0;`\0xt&\Z5\0WH\0kv#1ҁ\00t1\0Ƒ\0@cC2\0Q̈\0B:|\Z\0xto\0 SF\r\0wo\0Nvqe\0\0WKg\0I:l\0w\0\0\0#\0TluGJ\0+0j\0\0lKe\0p;X\0)F\0s3W\0f+\0I{\0pt&k6C2\0`li!\0\0m-\0xto\0I{zO\00tk4\0I\0п*\0\0-\0]/\0Oڳ\0J\0\\._ \03\0-+a\0A\0Fڗ\0\0J\0\\\0{}h\0\0ptl.\0+ \0Fw\0\0WK\n\0fwa\0\'G\0;3i\0dgx![\01i_&\0\0tF\0Lva|\0𙴏~\0\0\"W[\0p\n0\0^K{7\0@\0g\0lH\0W~\0\0 e[\0p;\nt_\0Oƣ\0\0߲\0| Ɨh-}˶\0YN\0e7P:\0`vi;\ZHߞ\0\0Ig\0|NC:\0`6i;\ZIӈ\0\"UZ\0\r;	@\0F[3yr\0\0wH\0e)ȗh~v4>\0\n\"\0Cy\0FqtuM\0\0gKg\0a8([\0Уgk:bJ?\0%5*\08pP:/=h|&]Qz\0|\0_He\0p}Ө \08\"+*\0t0_\0WK7=YƟ5\0<=\0\'H\0\\!9齏\Zǥ7\0OsD\0{9\0N-\08Cci6=\ZHH\0\0C\0>e\08I:/#Ҟrѥ4j\'}N{\0Hҹ\0c\0(̗\'r?b/}{\0hY\0c\0,[\0J7֣:GgIk`o\0\0-vy\0Ok\Z1x%#\0ϔ-\0b\0@:/Ҿp_kazΐ\0Ig\0c\0H:/9>p^Cp\0<C:\0;}\0JshIgi	\0[[\0]b`.iW鵞\"\0sJ~\0^K\0 [\0-.OJ\0\0逾q9MH}Zg\0!\0$vC2\07&u=7\0`lioF/iVӨ{Y\0cJz\0kvzJF:<\00\0`\0ptH_,>L[\\#oG\0\04vHe\0\\+ޣ(u=7\0_in@cW\0tP_Ҭ=]N\'\0\'-\0(vJ\0KhO2<\0ЇO\0\0~,[\0ў$e@7\0\02\0y\'Ja0t\r\0/\0n\0ЁtX_yy\'Kc0t?\r\0Wڏ[\0<\0oiF	/G\0\0f\'\0H:\0*ģt}I\0ks\0:\0 ͿoO\Z\0Hns\0:\0f7kx4\0\'-\0\0Сt`_04߾5[<[{\0Α\ng\0t*[\0J3Lv\0Ҝ\0p\\[[\0<бtho\"Ͱ_\0Isco\0~iO\0xcоWif\\4C\0|.-\0\\:/EQG{麮8*͔\09L}C{\\:\ZIwYҌ\0}s\0H:\ZKyҼ9\0_\0x`оJii\r\0[\'[\0<0tp_p4gu_i\r\0.-\0g&ܗ|#͕qtZMG\'J{b\0J^ia@oҬ\0<M[\0ͤT:\0Isy]]{\'H{`\0Je\0KiN|>u\0Ilo\00\0)0tx_<[D?`ti	\0f\ny\0K<i|I2٤Y7\0IZ\0Ʉ@:{h-}f\0ff\0`i\0	0t_\'Gc[$i	\0F\01&ˀ{h%}\0,ŽҞ`.&;D~0t/1r\0Hsro\00\00tocHW<Z{ޥ<Lu	C|S_Ϥz$\0QڳZ\0TP:/ϣ14S\0IU9\0Jeoh\'}\08G{=Lt|OƼy{$\07\0i0toH71zi\r\0~!I-\0gL.H7_<\0)E-\0f<@:/I7<il>\0!A\0c3\"I7\\i=/iV\r\0\02$[k9\Z6з4\0WH{NLqIt\r\ZYX,\0%3-\0d<L:/\'K Ike\0JsH\0𭴿T\0xt_O;iͬ`i\r\0JJ\0-]ZGOy7\0+\'-\0br<X:з`6i\rHkh\0ϐ#\'`,&72]ZG#ZZs}ao\0%-\0aj<\\:/Ѥu|4FZS\0I\0 I{Fq\0C2]ZG3\0^I\0`)-\0`bP߂ޤuMpƖ\'r$\0HC1\0O:طҺ&BZk\0\rgK{C\0O:/uMp7\0\'-\0gZt_WKjiݭH\0<GZ\0ͤ_WHkhp7\0\00&\Z([p:\0[ڏo/S\Z(i-\r~)u\0Kio4\0f@Li\0^Jev=Hks\0$UZ\0泜\0)\r[逿V=Ikt\0,][04+\0eJ)[Фq4QZ\0`$i/{\0Hs_4\0IϕѠgiͮQ}-Ҍ\0)\rGAϑ>]\03H{:\0Ɨ{@Li\0>˘W#Ikx\0$u\0[\02%[#}#Jky\0(y\0W\02-[+}#Kkz\0,}\0S\02-1} u\0i\\x<\0)\r!࿌~`&i\'I{:\0ƒfy@Li\0Ke#}>3Jk}\0<Q04+\0eJoh0ӥq\0cH3_4\0_K_Z+}GH\0Oi~W\0˔kK2i}\0S/п4+\0dBp%`JhT~X\0di\\@\0	\riKhtX\0u\0+\n>\0*}h_Ge\0g>>]\'\ZS/ؖр{d\0OOП4+\0dBp`рK:\0/iVW\0ɄK2>ק{f\0𝴿iNW\0Ʉ2Au&`[w\0H:\0ft@Lh\0. oI2\0\\i]\\\'\ZK/f7IU\0\\#\04+\0dBpa&{iy\0pޛw\\\0	\r-җ_JY\0Gڇi&W\0Ʉ6Bk4=\rN*\0^i?^<\0	\rme#H{O=W\0K{:\0fq@Lh\0n,,Uz/݋\0i_^bq\0.}aX֓>	t_V\0綠y\0Is?3\0?0z^V@?=Z\0u\0#\n\0LZ\n\0GziV\0tgҗewKa+?^m\0}H:\0fo@Lg\0~*}qXv{\n\0Kگp4w+\0c:sòߵпtV\0@Ҟk[./Δ~V8=\\\0}J:\0Ηm@Lg\0Ѿ4H~Vxҽ\\\0J{:\0Εfm@Lg\0H,;\"q{\0u\0\'\n\0t%}XoƗ\n\0_p4c+\0c:Нeb;\nG+\0`i_|\0@uk\nK+\0`,i?_wl\0@җuw9\0Ɠu\0j@Lg\0X|0tW\0ҾcL\0@җϐ\n\0WpL\0}1BrisP\0cK:\0K/&3\0CH_.\'͂\n\0_O\0}1ZR\\i&T\0>ϥ9Z./<S-\0`i_g\0@Wҗ#ϓfA\0\'\0ؖg@_Lf\0<|,iT\0Ҿ\0O/\r[-}iT\0޿ܬ\0O/[e3\0u\0difV\0dVKVHn0tW\0`\0e@_Lf\0nlWˀ\0!4++\0b2p]H?o0tW\0s:\0d@_Lf\0.lusIz\0<O:oiFV\0dtVgKc0tW\03s:\0|i~2`\0Jgu\0Ofc@_Lf\0[%e]\0ϖ\0.\n~\0[Bzˀ{\0Hgu\0Ob@?Le\0vK~-e}]\0tNXTi&V\0TcpUO[+\0@\n\0(\n~\0lJz^2`L~\0\0yaӤYXSa~׽K+\0$<I\00tj4=,Ƒ\n\0tvXiV\0T}C+\0waWSHf2ޭ\0\03:٥WSҁ}٤[o+\0Os:WSA}Wg+\0O:YWSa}\'H{ЧtV\0\0{:yWS!|I`Зt\0\0Jgu\0I2ҁ|\'KcЏtV\0\0G:9WS`R KfЇtV\0\0Hu\031\0f*L&uZ^7+\0o3F`6iU\0DD:to{隭~+ݗ\09c,Ҍ\0胉0tފϥtOV\0\0gIg,Ҍ\0胉0tފcҵ\\F+\03F04*\0`\"(;隮\n\0LQ\"͸\n>\0I8O{\08[:sT\0H3&2\0ҁz+:\0\0Ζ,Ҍ\0胉бtފ^*\03G04*\0`\"t(^3X\\+w\0ҙEq\0}0:[;X\\\'s\0ҙEq\0}0:[ч٬\n\0lQ\"͸\n>\0?[џ9Η\n\0\nQ ͷ\n>\0?[ѷΕ\n\0\nQ ͷ\n>\07JGIX\0pt\0f[@LdV)}ˀs\0J:{T\03H&2a]/}ˀ{\0J:{T\03H&2E!x+>ew}U\0\\%=*VdsJ2tOU\0\0WIg\n`iU\0D8I:n8&O\0U٣Ao\0}0[,i\r,KR\0pt\0fat8hxKP\0*Q ͷ\n>\0;VPX|&?\0]m\0}0>[ZZ\'ˀmީ\0\0 l\0胉!fwҚY\n\0jR.Ͷ\n>\0/CV~{\0Z:T\0K&2J:nGR\0\\-A*ѥVҡu+VZWˀKJ\0pt\0Ff[@LdVpJI\0pt\0Ff[@LdAu+BZkˀ\0C:T\0K&2H逺\\-e?2\0\0!\\\0臩<J:nwJkp<]/*\0H04*\0a*[,\0]YUi\00VЃ6S\0K:T\0J320t\nz2xt/T\0\0wIg\n`TiU\0T[AҚ]O\n\0.,R*ʹ\n~ҡs+EZ)o\0%E*QVSZ:ln#Jky<AZ\0yUi\00!CV0Һ\0`>a,5Ui\00V0Қ\0 Ze\0#J/&30t\nf:UZ\0ϓQi=U\0#J/&3нt\nf:QZ\0K*ѤYVV:LnO:MZ\0I`*ѤYVN:DnOu0+\0f\0FfY@_Lf<]/ڮ\0WgW\'ک\0FfY@_Lfҡq+YK`i\'ҿ{L04*\0b2?[Y_Қ\0WgvTYWz\0FfY@_Lfv鐸-;`Ti=W\0%:[N*ѤYVM:nu0+\0~+泺CF*9V\\:nu0+\0fJz-F04*\0c:J­{k$\n{YM=IUE04*\0c:Hsl\"\n-griugKkEa\01SCVu=zm]5^^sP\"Ͱ\n)o+[=Kkzin5R<SZ(\0|%uЫ^+\0fojv=/z\0FfX@Lgt\nt_Zp4w=QϕC04*\0c:CV@?=zj5]dzx*QVH:m)ݯˠ7iV\0/eؗGZ\0	\rv[K2IZ\0JvϓA04*\0dBQ:m%ˠim\08O[6ϔB04*\0dBHq{zZZ\0IsvHקz\0zfW@Lh!]~)\nsz\0zfW@Lh ޶e+i=V\0|/e)]gKk]]\0}2ҡm+`^_bwl]ƿTliMT\0KO&4<P:m<C:\08.u)]ϖDл4*\0dBÃCVY`1iu \nwivU\0ɄHgKsa%\n<]GUi]T\0=Ks_4L,̶hҌXWK4SkՂ.*U/S\Z&d[$i^,+5W_x-]\nJZ@ܪ\0)\rI\0ٱ[>i.t*(imT\0=Ks_4L #͑ep*\0>2K׬MZ@̪\0)\rK\0J3e-\nϤmUHЫ4*\0eJÀҁk+3ΔX4?t*XJkUY\02a0鰵ҜYgI4;tZHЫ4*\0eJ !k+ΐVkin.sUIЫ4*\0eJCj+;Tkin.ct\r+XKQW\0}3S`,ZGT}5lZZ\'@Ҽ\0I\rI\0~)ͥepDZK\0:Iװ$\nGi^U\0ͤNV\0H3jQҬ\\~:VR(ͫ\nc\0@ҼZ{5T4\'ױ_-HZ\0zU@Ljtp\nwiv-OS4\'qLLЛ4*\0fRҁi+Q>NҌ\\qzVNZ3@oҬ\0I\r7I\0F:x\'\nl;iT\0Io&5\\,]m^*\0Xi[Һ\0zfU@LjP:m04AJti6.{V%\n\'iNU\0ϴV\03JnuR<Y^-ؒMГ4*\0gZÉҁh+٥ٷ\Z\0*e#]\n>NГ4*\0gZ	Ah+\'Isp4i}T\0O2ΓoHkIS\03\0SJZӤYۂOS$ͩ\np@:lgKkx4qt+TZ?@OҜ\0i\r;V\0)W<iT\0O2Ηs{5T\"ͨ\nt\n|ϒ@i\\\Z`*^U?\ZH\0\\g_<A8_QЋ4*\0gZC6[pLb~s\0ff:u{uT ͧ\n1ذ5[p4c_ż].;e\\#]QЃ4*\0`bͻ\08_bN鳮\0f2wGT ͧ\n1<^:l}sIq04qt+8\"\ni>U\0f+\0Cl[\03JnJ׼GT ͧ\n1<N:l魯*Ɩ>\n`Fi-zWpTZO@|\0cV\0!W1yV\0InH׾#%wiNU\0fz頲\0}J3U\'}LҜ[=ҵo^iU\0=Is`&6J\0_b\0ff2{uiFU\0f:`\0IU!}v|[}oi\rc|>GfM-\0aj3t(\n.>\n`ti->/Ob|s`4iW\0fx0\0sIU+}^\\[=ҵ`1.5\\0SaCV\0-WїU\03H=ҵ_HkgH2IZ\00R:HG|*ѥگ-iݬc]#Ik`6CI\0x\'KK04Z#]u%u#}Q[0S!V\0W[3\0FZ=ҵ_[ҺY<.EZ\00Z:hl\0kix>\n`diU\\/]u%u%}Q[0S.V\0N;^P,͵kkIk&\\gI0v+\0ajӕt\n\0H{ɫO\\Nf19/{@Һ\0Mҡb+\08*+^?0Lkqt;iͬcNn5wiV\0ab+\08Kg^u\0FfZu^59Ϻ,\nD:Dl\0WH{λF\0FfYu^59zZo*YZ\0c1U:<l\0wH{ЫF-ѤYVqt;iͬc^n%鿫giV\0а\0-G|:\0FXy]5yϻJo[Ы^+\0brstX\n\0~-O\\\Z/EaHvKy{;鿯WiV\02頰\0$U<.A_Ku:!}Ֆo*UZ\0c19]: l\0J֫8O-UtM+ic~so}\"\nzkXLnN[(>*ΑmwivU:x%u<C[H`,&7_K\0`DiO{Ku@ܪ8&]uJZ/xٷ>m=Jk`<7V\00ǽkUYǤk^Ieϑ>j+QZ\01-٤U|\']@Ҽ/]u9#\nzjxLo>6\0`vi{ǥMUkV<iT{QAZ\0ͦo\0OWqL\0zT[IZ+xZ{QAZ\0Ki\n\0,퍯bt[\0=Is3ڭ$u<SZTУV+\0cz/i\n\0[\'>\Z\0zfTŶtA:)TУV+\0cz?is\n\0Ҿ*>2T^f IkeϕCs*QZ\01o\0wtRKkV\\i=J?ޤu`<å\r}+\0`Ϥk4*^KkuҚh~VI`L&C|+\0;i}ukJIYV`-uEUЛN+\0d?Lķ\0ΓW^f\0~!ͣKiuJZoWAo:\0	i\n\0N{_kz\0~!ͣ?k:Y%ַϬ7iV\0\\ڴ\0WZ^-YTt}ZZ\'I3+MZ\0c2\'6\0Hҵj)͡k:YMZ3[Ao:\0	>Io\0^ڣ_ſ.iU|ZZ\'`)ϭ7iV\0Dڜ\0WtZ\0wH\r\ZIRZ#]Ao:\0	>)o\0-߯O\Z\0fOt隬FAJ,gWЛN+\0d*m[\0cI[6\0NdzFAJLWГF+\0e(m\0ƕw}\0fNTZF+iΔ~~=Ik`\\@&\00Ͽ*iTO:XJkdKlwTГF+\0e m[\0sJ.]Ҽ&]u:x\'蘒\'iV\0Xt\0\0zt=-͚I_KiwҚi]!\nzhLv+\0yҙUOELiTO:hHnZWH5Z0.S#i\n\0xt>xSk8K1S>~W=Ik`\\x\0R:/uh!͗	^MZSi~W=Ik`\\Mu+\0WUO2oR.uФHkR}$\nq?6ӭ\0\0>z[\0JYzIcPJUЋ>+\0f(m[\0z[\0HsUzIcQu;+EZ\0c3o6Э\0\0ΐzfJ5>A:+ﬠi}V\0$P8\08[:s	^pD\'l{\\%Ru{+EZ\0c3/6ͭ\0\0]z-,f:(imzj!\nzgLr+\0Ȼfo`4GJZiMUwI^Y06$i\n\0WUJuf:(imo5պK\"\n_JV\0\0HgW(f:(imouU)\nzgLҦ\0@ҹU3J4?Q*(imouպS\"\n;p+\0s̫fc`Kh{x6ڪ^C=Hk`|F\0hҙU3Io;inT#H !kimV\04ߐ6\0\0F8Ezo-W̨z^VzmLiU^G=Hk`|i\n\0`&YHҼz^瞠ΔX먠imV\04_IV\0\03KW.e\0kiVT=IoOФΖY+TЃ6+\0gW\0xtz{ZDk5	:YgK+TЃ6+\0g%mr[\0<Q:jd\0Ҝ~%=A:BZk/SAڬ\0ߣyܶ\0xtFzi4iFTwK^RpZ^O=Hk`|iS\n\0?3ӫF2Cu{5VZzM \n=jl+\0\0^Kw&ҝ3b[ҺYWJkk5Uki]V\0=md[\0tzh{h43\'TZ?jiݵ~-\n~-\n9L=\0\0ǥիF^x4ZgH?wOGZCjiݵz^Wei\n\0s֫F^2\\h~Ξk \n~-\n9L5ӆ\0\0HgW li.H~OpTZOiz^[ei\n\0sثF^wx4Z~ORpZH_K`COAm\0ҹU=Kwli.\'VZWNi\rz^_eic\n\0JgW,esj\'8CZ[niz^_eiS\n\0~ګz^kx4\rΔ:[ZޤX/5`Lm\0@UJ<W	Gu~!VokҚ\0GS=mD[\00t{UokLϒ*i_Hkգ:+&+\0TOV\0\0\'^՛\Z=Қ[cGuVKiMV\0̣6\0\0_:罪\'}\Z0t_	]\n~%VkҚ\0G7S=m8[\00t{W/kYcHjiݭ_KիZ+&+\06\0\0[:\'}Зt\r:.[=K_I<~6\0\0ϒ΄Az]g/݋gWHkm VWz\0=m.[\0\\|ޤxfu=Li]zBZ-\0rdOV\0\0Фz^I՞^ImΒ:EZޥ\\/X0˧{P\0$_5LZ𭴮AO\ZF^wwK|.i3y\0\0|\"%_5GGW-8*$ni\0%=m\"[\0LQrfD^7ki\rGiVH;5`NNl\0\0HgW,Y3߂wҚy((kNi\r\0)>m[\0YyUH`im\n`-O^Z$\n`i\n\0\0Ο6F!ϖޠWiF^wIMYl\0\0wHgoQzgItOwJusgu\ZMz%\ni\n\0\0~!Mn$JZ{ZZ/}K5_;[u\0I6\0\09z^ҚS/kk19$jD}Tp*\0vڧa+\0\0M;ϮW鵞!=&KZn(\n]i6\0\0wS=ISiw5O	fv5^*ZZw\0OV\0\00tufɞF^2>o5\ZUz/\\)\0🉟6\0\0	Y~%3ZӨ{iѧY}*jT齴JiU\0<_s?o\0\0)cn3j{s6z-2RZs-\0㯹7\0\0-{jwH&>oIA5~*RZs-\0㯹7e\0\09y~י1ifGOjdTpZ\0<_?o\0\0pt3f)}V{zqt	x_,\n[gk\0\0gKgH?yuhqtm\rSOѥTUz\0x濍\0\0\0F<QgK}OOIcҵ&tϴFOWI5m\0\0\00|zk3Όsk\'OϥMgS.\n[3\0\0Azߝk\'tZ7{\Z]zO\\!\0d\0\0\0#IkilKmH盀\Z]zO\\!\n\0\0\0o?&Rkzt=\r8OǪѥT:k\\v\0\0\'l=Iz\\#oSZ\0x6;\0\0pG\'49ҵm.ojt=UpZ\0<\0\0\0Uլ(=qt[I{\Z]zO-\n\0\0\0@fW\ZYz?N\'ѥT\Zk\0\0\0^ZzM{>F7Hh5*8SZc\0;\0\00GC{w]z\'ݫӂbG\0\0\0 6ZgJ?O^\\Z=J󛀾\Z]zO)\0;\0\08e#w{?sjZzM#{,i}\0+\0\0\0WCo3k-oƕjt=UpZ\0\0\0\0>6[!}v;M].\nΒW\0Kv\0\0/?cJe\n|0tWKgHk\0Kv\0\0?cKi,g0tWK既U\0\0fw=g:\"o#̀jt=UpZ\0fw\0\0\0H^/џ9>7ϔA5*8CZ[\0$v\0\0?>+&4ѥTҺj@b\0\0\0\\c`/qt[M߾	I3\Z]zO-VZW\0b\0\0\0TCaOqtm I\Z]zO|+\0b\0\0\0xG^bt\ri~TK既ouU;v\n\0\0\0\'SFW%{iM\0;\0\0\0I|\'I\0J5*FZS-\0xN\0\0W%{jt=}|FSJ\0[\0\0\0\\&Ѳz^-͚jt=UZ\0n\0\03{8;39S.\nT\0c\0\0\0ЕΞ:SԤp4cѥTQi=\0v\0\0\0SHےߵ\0ΐKkt=UpTZO\0|ʮ\0\0IgS߶\0fK5ZpDZK-\0]\0\0i?\0fK5*8*\n\0s\0\0\0H鏫=us[\0Hs\Z]zOR\0s\0\0\0B]]!QiT#{iMU\0\0\0\0>(ֿZ-#<i*\nJ\0{=\0\0\0_W%ը{YGTv\0\0\0\\r`4KJ\0GA\0\0\0[\0{9R&upDZK-\08\0\0\0T!H_G\"\0\0\0-O\ZEz਴Z\0p]\0\0\0$%͎j鵯o5U7$\0\0\0 \0^I3\ZAziM\0v\0\0\0xu\0IUk^JoM\0\0\0t^DճzҺj&\0\0\0P)CW.U(\0\0\0`)4^׺ΒW\0`G\0\0K~\\i&T=Js)\n\0bW\0\0\0#1:<SUok\\gJk\0g\0\0\0\0 z^28[Zg\0\0\0\0KՋږ:k,\0\0\0@@M=]\"ep*\08\0\0\0x+q{Az]\ni\0lv\0\0\0`Sg)ݯկ״[\0fw\0\0\0>p}u{ZUzk0\0\0\0WW_Ie\\)\0\\\0\0\0*{:Һ\0*v\0\0\0rW#_kXWK\0W\0\0\0\0?~e1~~:CZ{\0\\N\0\0\0t!mީ~i\0Jv\Z\0\0\0[W##4KZ\0\\n\0\0\0%1=Q}+#]k6\0\0\0ׯ\"j`\0w\0\0\0\0It:QZ+=;Nu\0`\0\0\0!!`imWM߮~!\n\0b\0\0\0)q`$i\r \0Ů\0\0\0_W=JkGi\0.v\0\0\07~!+;y\0\0\0\0vHؿ:8SZcWJ\0w\0\0\0\0|)i\\\"\n\0f\0\0\0@zpePڸ2UZ-\0\0\0\01_<EZ\0\0\0\0GÂcLEi\0@\0\0\0\0IϤk7Sk鿩	گ\0WB\0\0\0\0KGuX[ҿiҺo؅\0\0\0\04H+\n \n\0~N\0\0\00\0BV0[\0Kv\"\0\0\0	+SҺ\0F\0\0\0\0Th~w3Kk\0f7\0\0\0xbݧ=Ez-YZ-\05\0\0\0\0aFH׾5ؑ\0\0\0\0H*YZ-\0	\0\0\0\0@5_@/J\0\0\0\0Z*\0®\0\0\0\0Z-UZ\0\0\0\0\0ćZ*\0\0\0\0\0ćZ*\n\0zcw\0\0\0\0⃭\nfz\0zcw\0\0\0\0⃭\nfz\0=C\0\0\0å[(\0\0\0\0\0lU0+\0]\n\0\0\0\0.=ܪ`6i\0Wv)\0\0\0\0xp٤u^@T\0\0\0\0pW3Ik\0=S\0\0\0[&\0N\0\0\0\0nU0[\0;\0\0\0\0<XzUL\Zo@V\0\0\0\0`W3Ikر\0\0\0\0C\nfw\0F`\0\0\0J*IZ\0®\0\0\0\0rU0[\00\n\0\0\0\0<TzU,\0`$v.\0\0\0\0xع\0\0\0\0҃\nfv\0{\0\0\0] \0\0\0\0\0tU0+\0\0\0\0\0(=`ti]\0`Dv0\0\0\0\0xѥu\0\0\0\0a҃,\0.\0\0\0\0vU0[\00*\0\0\0\0<LzUҺ\0`dv2\0\0\0\0x5\0\0\0\0a\nFt\0\0\0\0^-UZ-\0\0\0\0\0$=`diMW\00;\Z\0\0\0\0<HzUznh\0\0\0\0 WJY\0\0\0\0A҃\nFr\0faW\0\0\0HZ0+\0\r\0\0\0\0\"=`Di-\0`&v6\0\0\0\0xૂ\0\0\0\0!҃\nFq\0fcw\0\0\0H*MZ-\0\r\0\0\0\0 =jh:\0`Fv8\0\0\0\0xѤu\0\0\0\0ï\nFq\0\0\0\0`$\0.\0\0\0\0U0+\0\0\0\0\0&U0[\003;\0\0\0\0L.=\0`$i\rW\00;\0\0\0\0L.=`i\0`vv;\0\0\0\0\\zV(\0	x\0\0\0\00 \'\0\0\0C\nFo\0Oa\0\0\0a \0<]\0\0\0\0&U0v[\0v=\0\0\0\0XzVAҺm\0\0\0\0`baXK\0Ob\0\0\0Ia \n\0\0\0\0\0J*]Z-\0x\Z\0\0\0\0L*=wiV\0Dv@\0\0\0\0Tz VAҚm\0\0\0`BaXzk\0.\0\0\0\0J*UZ\0\0\0\0\00@ޤu\0<\0\0\0)c$u\0tvC\0\0\0\0Pz0VA/L\r\0\0\0`2X~-\07\"\0\0\0\0L&=ҺL\03\0\0\0d\n~)\0\'#\0\0\0\0L&=$ZL\0]\0\0\0\0&UpS\0kvJ\0\0\0\0HzXւ;5\0޳[\0\0\0D\n_\n\0]\0\0\0\0&UpR\0\0\0\0\001Ѹr\0\n\0\0\0\0I*BZk)\0(\0\0\0\0L&=Lli\0\0\0\0\00@gHk+\0|ώ\n\0\0\0\0J*VZW)\0vU\0\0\0\0PzւzJ\0米\0\0\0CQ\n\08\0\0\0\0&UGZC)\0\ZvY\0\0\0\0TzւO\0c\0\0\0oL\n\0\0\0\0\0&UJZ/)\0v]\0\0\0\0XzׂNR\0}\0\0\0\00@&\0p?;0\0\0\0\0L.=\0~.\0\0\0\0KZ<[Z)\0w\0\0\0\0\0!]3\0~ώ\0\0\0\0ֵxR\0@\0\0\0\0\0]H\n\0臝\0\0\0\0\"=_S\0@\0\0\0\0^y;\0.\r\0\0\0\0U)})\0_vj\0\0\0\0x0b.3N\0c\0\0\0z->\006\0\0\0\0<LzW1\0qع\0\0\0aq3\0\0\0\0\0OS\0\0\0\0\0@_Xg\0e\'\0\0\0JZ/}n)\0`|vt\0\0\0\0xEg\0`W\0\0\0J+>\00;;\0\0\0\0<Tzآ/3J\0\0\0\0HO\n\0]\0\0\0\0,=\\o$\0N\0\0\0\0~sH\0\0\0\0\0.ڧ\0g\0\0\0\0akk\0\0\0\0\0Gzp*Α\0q\0\0\0\0\0\'=D|ki\039\0\0\0\0\0(:\0\\N\0\0\0\0K[6G\0p\"\0\0\0\0\0J\Z4\Z|S\0\0ũ\0\0\0\0\0f\0,9\0\0\0\0\0K 5\0\0\0\0\0``UI\0\0pz\0\0\0\0\0K,_իZ\0N\0\0\0\0WCwZzMg\0p&\0\0\0\0~\0\\i\0\0\0\08Mz+sf\0\0wr\0\0\0\0\0N[g\0/9\0\0\0\0\0IH_o\0N&\0\0\0\0w\0\0z\0\0\0\0\"=HU\0\0pr\0\0\0\0n^\0d\0\0\0\0ۥg\00\'\0\0\0\0g#\0I\0\0\0\0pv[\0N>\0\0\0\0@j=\0\0\0\0\0\0\0@<\0\0\0\0\0\0\0\0\0\0\0\0\0@\0\0\0\0\0\0S\0\0\0\0\0\0t]\0\0\0\0\0\0Ny\0\0\0\0\0\0)t\0\0\0\0\0\0:.\0\0\0\0\0\0@<\0\0\0\0\0\0\0\0\0\0\0\0\0@\0\0\0\0\0\0S\0\0\0\0\0\0t]\0\0\0\0\0\0Ny\0\0\0\0\0\0)t\0\0\0\0\0\0:.\0\0\0\0\0\0@<\0\0\0\0\0\0\0\0\0\0\0\0\0@\0\0\0\0\0\0S\0\0\0\0\0\0t]\0\0\0\0\0\0Ny\0\0\0\0\0\0)t\0\0\0\0\0\0:.\0\0\0\0\0\0@<\0\0\0\0\0\0\0\0\0\0\0\0\0@\0\0\0\0\0\0S\0\0\0\0\0\0t]\0\0\0\0\0\0Ny\0\0\0\0\0\0)t\0\0\0\0\0\0:.\0\0\0\0\0\0@<\0\0\0\0\0\0\0\0\0\0\0\0\0@\0\0\0\0\0\0S\0\0\0\0\0\0t]\0\0\0\0\0\0Ny\0\0\0\0\0\0)t\0\0\0\0\0\0:.\0\0\0\0\0\0@<\0\0\0\0\0\0\0\0\0\0\0\0\0@\0\0\0\0\0\0S\0\0\0\0\0\0t]\0\0\0\0\0\0Ny\0\0\0\0\0\0)t\0\0\0\0\0\0:.\0\0\0\0\0\0@<\0\0\0\0\0\0\0\0\0\0\0\0\0@\0\0\0\0\0\0S\0\0\0\0\0\0t]\0\0\0\0\0\0Ny\0\0\0\0\0\0)t\0\0\0\0\0\0:.\0\0\0\0\0\0@<\0\0\0\0\0\0\0\0\0\0\0\0\0@\0\0\0\0\0\0S\0\0\0\0\0\0t]\0\0\0\0\0\0Ny\0\0\0\0\0\0)t\0\0\0\0\0\0:.\0\0\0\0\0\0@<\0\0\0\0\0\0\0\0\0\0\0\0\0@\0\0\0\0\0\0S\0\0\0\0\0\0t]\0\0\0\0\0\0Ny\0\0\0\0\0\0)t\0\0\0\0\0\0:.\0\0\0\0\0\0@<\0\0\0\0\0\0\0\0\0\0\0\0\0@\0\0\0\0\0\0S\0\0\0\0\0\0t]\0\0\0\0\0\0Ny\0\0\0\0\0\0)t\0\0\0\0\0\0:.\0\0\0\0\0\0@<\0\0\0\0\0\0\0\0\0\0\0\0\0@\0\0\0\0\0\0S\0\0\0\0\0\0t]\0\0\0\0\0\0Ny\0\0\0\0\0\0)t\0\0\0\0\0\0:.\0\0\0\0\0\0@<\0\0\0\0\0\0\0\0\0\0\0\0\0@\0\0\0\0\0\0S\0\0\0\0\0\0t]\0\0\0\0\0\0Ny\0\0\0\0\0\0)t\0\0\0\0\0\0:.\0\0\0\0\0\0@<\0\0\0\0\0\0\0\0\0\0\0\0\0@\0\0\0\0\0\0S\0\0\0\0\0\0t]\0\0\0\0\0\0Ny\0\0\0\0\0\0)t\0\0\0\0\0\0:.\0\0\0\0\0\0@<\0\0\0\0\0\0\0\0\0\0\0\0\0@\0\0\0\0\0\0S\0\0\0\0\0\0t]\0\0\0\0\0\0Ny\0\0\0\0\0\0)t\0\0\0\0\0\0:.\0\0\0\0\0\0@<\0\0\0\0\0\0\0\0\0\0\0\0\0@\0\0\0\0\0\0S\0\0\0\0\0\0t]\0\0\0\0\0\0Ny\0\0\0\0\0\0)t\0\0\0\0\0\0:.\0\0\0\0\0\0@<\0\0\0\0\0\0\0\0\0\0\0\0\0@\0\0\0\0\0\0S\0\0\0\0\0\0t]\0\0\0\0\0\0Ny\0\0\0\0\0\0)t\0\0\0\0\0\0:.\0\0\0\0\0\0@<\0\0\0\0\0\0\0\0۳c\0\0\0ASkP\0\0\0\0\0\0\0\0\0\0\0QB\0\0\0\0\0\0 J\0\0\0\0\0\0D	]\0\0\0\0\0\0(\0\0\0\0\0\0%t\0\0\0\0\0\0.\0\0\0\0\0\0@\0\0\0\0\0\0\0\0\0\0\0\0\0QB\0\0\0\0\0\0 J\0\0\0\0\0\0D	]\0\0\0\0\0\0(\0\0\0\0\0\0%t\0\0\0\0\0\0.\0\0\0\0\0\0@\0\0\0\0\0\0\0\0\0\0\0\0\0QB\0\0\0\0\0\0 J\0\0\0\0\0\0D	]\0\0\0\0\0\0(\0\0\0\0\0\0%t\0\0\0\0\0\0.\0\0\0\0\0\0@\0\0\0\0\0\0\0\0\0\0\0\0\0QB\0\0\0\0\0\0 J\0\0\0\0\0\0D	]\0\0\0\0\0\0(\0\0\0\0\0\0%t\0\0\0\0\0\0.\0\0\0\0\0\0@\0\0\0\0\0\0\0\0\0\0\0\0\0QB\0\0\0\0\0\0 J\0\0\0\0\0\0D	]\0\0\0\0\0\0(\0\0\0\0\0\0%t\0\0\0\0\0\0.\0\0\0\0\0\0@\0\0\0\0\0\0\0\0\0\0\0\0\0QB\0\0\0\0\0\0 J\0\0\0\0\0\0D	]\0\0\0\0\0\0(\0\0\0\0\0\0%t\0\0\0\0\0\0.\0\0\0\0\0\0@\0\0\0\0\0\0\0\0\0\0\0\0\0QB\0\0\0\0\0\0 J\0\0\0\0\0\0D	]\0\0\0\0\0\0(\0\0\0\0\0\0%t\0\0\0\0\0\0.\0\0\0\0\0\0@\0\0\0\0\0\0\0\0\0\0\0\0\0QB\0\0\0\0\0\0 J\0\0\0\0\0\0D	]\0\0\0\0\0\0(\0\0\0\0\0\0%t\0\0\0\0\0\0.\0\0\0\0\0\0@\0\0\0\0\0\0\0\0\0\0\0\0\0QB\0\0\0\0\0\0 J\0\0\0\0\0\0D	]\0\0\0\0\0\0(\0\0\0\0\0\0%t\0\0\0\0\0\0.\0\0\0\0\0\0@\0\0\0\0\0\0\0\0\0\0\0\0\0QB\0\0\0\0\0\0 J\0\0\0\0\0\0D	]\0\0\0\0\0\0(\0\0\0\0\0\0%t\0\0\0\0\0\0.\0\0\0\0\0\0@\0\0\0\0\0\0\0\0\0\0\0\0\0QB\0\0\0\0\0\0 J\0\0\0\0\0\0D	]\0\0\0\0\0\0(\0\0\0\0\0\0%t\0\0\0\0\0\0.\0\0\0\0\0\0@\0\0\0\0\0\0\0\0\0\0\0\0\0QB\0\0\0\0\0\0 J\0\0\0\0\0\0D	]\0\0\0\0\0\0(\0\0\0\0\0\0%t\0\0\0\0\0\0.\0\0\0\0\0\0@\0\0\0\0\0\0\0\0\0\0\0\0\0QB\0\0\0\0\0\0 J\0\0\0\0\0\0D	]\0\0\0\0\0\0(\0\0\0\0\0\0%t\0\0\0\0\0\0.\0\0\0\0\0\0@\0\0\0\0\0\0\0\0\0\0\0\0\0QB\0\0\0\0\0\0 J\0\0\0\0\0\0D	]\0\0\0\0\0\0(\0\0\0\0\0\0%t\0\0\0\0\0\0.\0\0\0\0\0\0@\0\0\0\0\0\0\0\0\0\0\0\0\0QB\0\0\0\0\0\0 J\0\0\0\0\0\0D	]\0\0\0\0\0\0(\0\0\0\0\0\0%t\0\0\0\0\0\0.\0\0\0\0\0\0@\0\0\0\0\0\0\0\0\0\0\0\0\0QB\0\0\0\0\0\0 J\0\0\0\0\0\0D	]\0\0\0\0\0\0(\0\0\0\0\0\0%t\0\0\0\0\0\0.\0\0\0\0\0\0@\0\0\0\0\0\0\0\0\0\0\0\0\0QB\0\0\0\0\0\0 J\0\0\0\0\0\0D	]\0\0\0\0\0\0(\0\0\0\0\0\0%t\0\0\0\0\0\0.\0\0\0\0\0\0@\0\0\0\0\0\0\0\0\0\0\0\0\0QB\0\0\0\0\0\0 J\0\0\0\0\0\0D	]\0\0\0\0\0\0(\0\0\0\0\0\0%t\0\0\0\0\0\0.\0\0\0\0\0\0@\0\0\0\0\0\0\0\0\0\0\0\0\0QB\0\0\0\0\0\0 J\0\0\0\0\0\0D	]\0\0\0\0\0\0(\0\0\0\0\0\0%t\0\0\0\0\0\0.\0\0\0\0\0\0@\0\0\0\0\0\0\0\0\0\0\0\0\0QB\0\0\0\0\0\0 J\0\0\0\0\0\0D	]\0\0\0\0\0\0(\0\0\0\0\0\0%t\0\0\0\0\0\0.\0\0\0\0\0\0@\0\0\0\0\0\0\0\0\0\0\0\0\0QB\0\0\0\0\0\0 J\0\0\0\0\0\0D	]\0\0\0\0\0\0(\0\0\0\0\0\0%t\0\0\0\0\0\0.\0\0\0\0\0\0@\0\0\0\0\0\0H\r6.a\0\0\0\0IENDB`','2019-06-12 08:57:40');

/*Table structure for table `remark` */

DROP TABLE IF EXISTS `remark`;

CREATE TABLE `remark` (
  `remark_id` varchar(10) NOT NULL,
  `patient_id` varchar(15) DEFAULT NULL,
  `weight` float DEFAULT NULL,
  `height` float DEFAULT NULL,
  `BMI` float DEFAULT NULL,
  `BP` varchar(15) DEFAULT NULL,
  `PR` varchar(15) DEFAULT NULL,
  `RR` varchar(15) DEFAULT NULL,
  `Temperature` float DEFAULT NULL,
  `SPO2` float DEFAULT NULL,
  `Remarks` varchar(255) DEFAULT NULL,
  `DoctorInCharge` varchar(50) DEFAULT NULL,
  `DoctorSignature` mediumblob,
  `DateTimeCreated` datetime DEFAULT NULL,
  PRIMARY KEY (`remark_id`),
  KEY `uid` (`patient_id`),
  CONSTRAINT `remark_ibfk_1` FOREIGN KEY (`patient_id`) REFERENCES `patient` (`id`)
) ENGINE=InnoDB DEFAULT CHARSET=latin1;

/*Data for the table `remark` */

insert  into `remark`(`remark_id`,`patient_id`,`weight`,`height`,`BMI`,`BP`,`PR`,`RR`,`Temperature`,`SPO2`,`Remarks`,`DoctorInCharge`,`DoctorSignature`,`DateTimeCreated`) values 
('R123','12345',64,64,64,'64','64','64',64,646,'4','June Delmar',NULL,NULL);

/*Table structure for table `treatment` */

DROP TABLE IF EXISTS `treatment`;

CREATE TABLE `treatment` (
  `treatment_id` varchar(10) NOT NULL,
  `patient_id` varchar(15) DEFAULT NULL,
  `TreatmentDate` datetime DEFAULT NULL,
  `ChiefComplaints` varchar(255) DEFAULT NULL,
  `Diagnosis` varchar(255) DEFAULT NULL,
  `BP` varchar(15) DEFAULT NULL,
  `PR` varchar(15) DEFAULT NULL,
  `RR` varchar(15) DEFAULT NULL,
  `Temp` float DEFAULT NULL,
  `SPO2` float DEFAULT NULL,
  `DoctorInCharge` varchar(50) DEFAULT NULL,
  `Referral` varchar(50) DEFAULT NULL,
  PRIMARY KEY (`treatment_id`),
  KEY `uid` (`patient_id`),
  CONSTRAINT `treatment_ibfk_1` FOREIGN KEY (`patient_id`) REFERENCES `patient` (`id`)
) ENGINE=InnoDB DEFAULT CHARSET=latin1;

/*Data for the table `treatment` */

insert  into `treatment`(`treatment_id`,`patient_id`,`TreatmentDate`,`ChiefComplaints`,`Diagnosis`,`BP`,`PR`,`RR`,`Temp`,`SPO2`,`DoctorInCharge`,`Referral`) values 
('T124','12345','2019-05-08 14:41:57','Lorem','Lorem','64','64','64',64,64,'June Delmar','Alvolaryow');

/* Trigger structure for table `history` */

DELIMITER $$

/*!50003 DROP TRIGGER*//*!50032 IF EXISTS */ /*!50003 `history_insert_before` */$$

/*!50003 CREATE */ /*!50017 DEFINER = 'root'@'%' */ /*!50003 TRIGGER `history_insert_before` BEFORE INSERT ON `history` FOR EACH ROW BEGIN
DECLARE i INT;
SELECT MAX(RIGHT(history_id,5)) INTO i
	FROM history;
	IF i IS NULL THEN
	SET i=0;
	END IF;
	SET new.history_id=CONCAT("H",LPAD(MONTH(NOW()),2,'0'),MOD(YEAR(NOW()),2000),LPAD(i+1,5,'0'));	
    END */$$


DELIMITER ;

/* Trigger structure for table `immunization` */

DELIMITER $$

/*!50003 DROP TRIGGER*//*!50032 IF EXISTS */ /*!50003 `immunization_insert_before` */$$

/*!50003 CREATE */ /*!50017 DEFINER = 'root'@'%' */ /*!50003 TRIGGER `immunization_insert_before` BEFORE INSERT ON `immunization` FOR EACH ROW BEGIN
DECLARE i INT;
SELECT MAX(RIGHT(immunization_id,5)) INTO i
	FROM immunization;
	if i is null then
	set i=0;
	end if;
	SET new.immunization_id=CONCAT("I",LPAD(MONTH(NOW()),2,'0'),MOD(YEAR(NOW()),2000),LPAD(i+1,5,'0'));	
	
    END */$$


DELIMITER ;

/* Trigger structure for table `remark` */

DELIMITER $$

/*!50003 DROP TRIGGER*//*!50032 IF EXISTS */ /*!50003 `remark_insert_before` */$$

/*!50003 CREATE */ /*!50017 DEFINER = 'root'@'%' */ /*!50003 TRIGGER `remark_insert_before` BEFORE INSERT ON `remark` FOR EACH ROW BEGIN
DECLARE i INT;
SELECT MAX(RIGHT(remark_id,5)) INTO i
	FROM remark;
	IF i IS NULL THEN
	SET i=0;
	END IF;
	SET new.remark_id=CONCAT("R",LPAD(MONTH(NOW()),2,'0'),MOD(YEAR(NOW()),2000),LPAD(i+1,5,'0'));	
    END */$$


DELIMITER ;

/* Procedure structure for procedure `count_midyearReferral` */

/*!50003 DROP PROCEDURE IF EXISTS  `count_midyearReferral` */;

DELIMITER $$

/*!50003 CREATE DEFINER=`root`@`%` PROCEDURE `count_midyearReferral`()
BEGIN 
SELECT D.Department,Count(T.Referral) AS "Number of Referrals"
 from patient AS P
 INNER JOIN treatment AS T
 INNER JOIN department AS D
 WHERE P.uid=T.uid &&
 P.Department_ID=D.Department_id &&
 T.TreatmentDate BETWEEN CONCAT(YEAR(NOW()),"-01-01") AND CONCAT(YEAR(NOW()),"-07-31")
  GROUP BY T.Referral;
 END */$$
DELIMITER ;

/* Procedure structure for procedure `count_patient_records_by_department` */

/*!50003 DROP PROCEDURE IF EXISTS  `count_patient_records_by_department` */;

DELIMITER $$

/*!50003 CREATE DEFINER=`root`@`%` PROCEDURE `count_patient_records_by_department`()
BEGIN
SELECT D.Department, COUNT(P.ID) AS "Number of Records" 
    FROM patient AS P
    INNER JOIN department AS D
    WHERE P.Department_ID=D.Department_ID
    group by P.Department_id;
	END */$$
DELIMITER ;

/* Procedure structure for procedure `searchPatient` */

/*!50003 DROP PROCEDURE IF EXISTS  `searchPatient` */;

DELIMITER $$

/*!50003 CREATE DEFINER=`root`@`%` PROCEDURE `searchPatient`(iN searchClass VARCHAR(25),
 IN searchString VARCHAR(255))
BEGIN 
IF searchclass="Recs" THEN
		SELECT id AS "ID Number",lastname AS "Lastname",firstname AS "First Name",MiddleName AS "Middle Name",C.Course AS "Course",D.Department AS "Department",YearOrGrade AS "Year",Sex  AS "Sex",Age
		FROM patient P
		INNER JOIN department AS D
		INNER JOIN course AS C
		WHERE 
		P.Department_id=D.Department_id AND
		P.Course_id=C.Course_id AND
		(id LIKE CONCAT('%',searchString,'%')
		OR lastname LIKE CONCAT('%',searchString,'%')
		OR firstname LIKE CONCAT('%',searchString,'%')
		OR MiddleName LIKE CONCAT('%',searchString,'%'))
		AND id NOT LIKE 'A-%' ;
	       
		ELSE
		SELECT id AS "ID Number",lastname AS "Lastname",firstname AS "First Name",MiddleName AS "Middle Name",C.Course AS "Course",D.Department AS "Department",YearOrGrade AS "Year",Sex  AS "Sex",Age
		FROM patient P
		INNER JOIN department AS D
		INNER JOIN course AS C
		WHERE  
		P.Department_id=D.Department_id AND
		P.Course_id=C.Course_id AND (id LIKE CONCAT('%',searchString,'%')
		OR lastname LIKE CONCAT('%',searchString,'%')
		OR firstname LIKE CONCAT('%',searchString,'%')
		OR MiddleName LIKE CONCAT('%',searchString,'%'))
		AND id LIKE 'A-%';
	       
		END IF;
 END */$$
DELIMITER ;

/* Procedure structure for procedure `vcrud_account` */

/*!50003 DROP PROCEDURE IF EXISTS  `vcrud_account` */;

DELIMITER $$

/*!50003 CREATE DEFINER=`root`@`%` PROCEDURE `vcrud_account`(
    in activity varchar(10),
    IN account_id varchar(255),
    In username varchar(30),
    In _password varchar(255),
    in _name varchar(50),
    in role varchar(15))
BEGIN
	DECLARE counter INT;
		if activity="CREATE" then
			insert into account 
				values(md5(concat(username,now())),username,md5(_password),_name,role);
		ELSEIF activity="UPDATE" THEN
			update account
				set 
					account.`username`=username,
						account.`password`=md5(_password),
							account.`Name`=_name,
								account.`Role`=role
									where account.`account_id`=account_id;
		ELSEIF activity="DELETE" THEN
			delete from account
				WHERE account.`username`=username;
		ELSEIF activity="VIEW" THEN		
			select * from account
				where account.`username`=username;
		ELSEIF activity="VERIFY" THEN		
			SELECT * FROM account
				WHERE account.`account_id`=MD5(username)
					and account.`password`=md5(_password);
		ELSEIF activity="VIEW_ALL" THEN
			select account.`username` "USERNAME" from account;
		end if;
	END */$$
DELIMITER ;

/* Procedure structure for procedure `vcrud_course` */

/*!50003 DROP PROCEDURE IF EXISTS  `vcrud_course` */;

DELIMITER $$

/*!50003 CREATE DEFINER=`root`@`%` PROCEDURE `vcrud_course`(
     IN activity VARCHAR(50),
    IN course_id VARCHAR(7),
    IN course VARCHAR(255),
    IN department_id VARCHAR(6))
BEGIN
		IF activity="CREATE" THEN
			INSERT INTO course
				VALUES(course_id,course,department_id);
		ELSEIF activity="UPDATE" THEN
			UPDATE course
				SET course.`Course_id`=course_id,
				course.`Course`=course,
				course.`Department_id`=department_id
				WHERE course.`Course_id`=course_id;
		ELSEIF activity="DELETE" THEN
			DELETE FROM course
				WHERE course.`Course_id`=course_id;
		ELSEIF activity="VIEW" THEN		
			SELECT * FROM course
				WHERE course.`Course_id`=course_id;
		elseif activity="VIEW_BY_DEPARTMENT" then
			select course.`Course_id`,course.`Course` from course
				where course.`Department_id`=department_id;
		END IF;
	END */$$
DELIMITER ;

/* Procedure structure for procedure `vcrud_department` */

/*!50003 DROP PROCEDURE IF EXISTS  `vcrud_department` */;

DELIMITER $$

/*!50003 CREATE DEFINER=`root`@`%` PROCEDURE `vcrud_department`(
	IN activity VARCHAR(10),
    IN department_id VARCHAR(7),
    IN department VARCHAR(30))
BEGIN
		IF activity="CREATE" THEN
			INSERT INTO department
				VALUES(department_id,department);
		ELSEIF activity="UPDATE" THEN
			UPDATE department
				SET 
				department.`Department`=department
				WHERE department.`Department_id`=department_id;
		ELSEIF activity="DELETE" THEN
			DELETE FROM department
				WHERE department.`Department_id`=department_id;
		ELSEIF activity="VIEW" THEN		
			SELECT * FROM department
				WHERE department.`Department_id`=department_id;
		ELSEIF activity="VIEW_ALL" THEN		
			SELECT * FROM department;
		END IF;
	END */$$
DELIMITER ;

/* Procedure structure for procedure `vcrud_history` */

/*!50003 DROP PROCEDURE IF EXISTS  `vcrud_history` */;

DELIMITER $$

/*!50003 CREATE DEFINER=`root`@`%` PROCEDURE `vcrud_history`(
	IN activity VARCHAR(10),
    IN history_id VARCHAR(7),
    IN history VARCHAR(1408),
    IN id VARCHAR(15))
BEGIN
		IF activity="CREATE" THEN
			INSERT INTO history
				VALUES(history_id,id,history,history_description,now());
		ELSEIF activity="UPDATE" THEN
			UPDATE history
				SET history.`History_id`=history_id,
				history.`History`=history,
				history.`patient_id`=id
				WHERE history.`History_id`=history_id;
		ELSEIF activity="DELETE" THEN
			DELETE FROM history
				WHERE history.`History_id`=history_id;
		ELSEIF activity="VIEW" THEN		
			SELECT * FROM history
				WHERE history.`History_id`=history_id;
		END IF;
	END */$$
DELIMITER ;

/* Procedure structure for procedure `vcrud_immunization` */

/*!50003 DROP PROCEDURE IF EXISTS  `vcrud_immunization` */;

DELIMITER $$

/*!50003 CREATE DEFINER=`root`@`%` PROCEDURE `vcrud_immunization`(
	IN activity VARCHAR(10),
	IN immunization_id VARCHAR(10),
	IN id VARCHAR(15),
	IN immunization VARCHAR(255))
BEGIN
		IF activity="CREATE" THEN
			INSERT INTO immunization 
			VALUES("",id,immunization,NOW());
		ELSEIF activity="UPDATE" THEN
			UPDATE immunization
				SET 
				immunization.`patient_id`=id,
				immunization.`immunization`=immunization
				WHERE immunization.`immunization_id`=immunization_id;
		ELSEIF activity="DELETE" THEN
			DELETE FROM immunization
				WHERE immunization.`immunization_id`=immunization_id;
		ELSEIF activity="VIEW" THEN		
			SELECT * FROM immunization
				WHERE immunization.`immunization_id`=immunization_id;
		END IF;
	END */$$
DELIMITER ;

/* Procedure structure for procedure `vcrud_patient` */

/*!50003 DROP PROCEDURE IF EXISTS  `vcrud_patient` */;

DELIMITER $$

/*!50003 CREATE DEFINER=`root`@`%` PROCEDURE `vcrud_patient`(
    IN activity VARCHAR(15),
    /*Profile*/
    IN uid VARCHAR(15),
    IN id VARCHAR(15),
    IN LastName VARCHAR(30),
    IN FirstName VARCHAR(30),
    IN MiddleName VARCHAR(30),
    IN department_id VARCHAR(7),
    IN Course_id VARCHAR(7),
    IN _Level VARCHAR(7),
    in yrgr varchar(10),
    IN Birthday datetime,
    IN Age tinyint(3),
    IN Sex VARCHAR(10),
    IN CivilStatus VARCHAR(15),
    IN Nationality VARCHAR(30),
    IN HomeAddress VARCHAR(255),
    IN BoardingAddress VARCHAR(255),
    IN FathersName VARCHAR(50),
    IN FathersOccupation VARCHAR(30),
    IN FathersNumber VARCHAR(15),
    IN MothersName VARCHAR(50),
    IN MothersOccupation VARCHAR(30),
    IN MothersNumber VARCHAR(15),
    IN LandLadyName VARCHAR(50),
    IN LandLadyNumber VARCHAR(15),
    IN EmergencyCallName VARCHAR(50),
    IN EmergencyRelation VARCHAR(30),
    IN EmergencyNumber VARCHAR(15),
    IN FirstMenstruation datetime,
    IN LastMenstruation datetime,
    IN Photo mediumblob,
    IN Signature mediumblob,
    /*Immunization*/
IN immunization_id VARCHAR(10),
IN immunization VARCHAR(255),
    /*History*/
IN history_id VARCHAR(7),
IN history VARCHAR(1408),
    /*Remark*/
IN remark_id VARCHAR(10),
IN weight FLOAT,
IN height FLOAT,
IN bmi FLOAT,
IN bp VARCHAR(15),
IN pr VARCHAR(15),
IN rr VARCHAR(15),
IN temp FLOAT,
IN spo2 FLOAT,
IN remarks VARCHAR(255),
IN doctorincharge VARCHAR(50),
IN doctorsignature MEDIUMBLOB)
BEGIN
		IF activity="CREATE" THEN
			INSERT INTO patient
				VALUES(uid,id,LastName,
				FirstName,MiddleName,department_id,
				course_id,_Level,yrgr,BirthDay,
				Age,Sex,CivilStatus,
				Nationality,HomeAddress,BoardingAddress,
				FathersName,FathersOccupation,FathersNumber,
				MothersName,MothersOccupation,MothersNumber,
				LandLadyName,LandLadyNumber,EmergencyCallName,
				EmergencyRelation,EmergencyNumber,FirstMenstruation,
				LastMenstruation,Photo,Signature,
				NOW());
			CALL	vcrud_immunization(activity,'',id,immunization);
			call vcrud_history(activity,'',history,id);
			call vcrud_remark(activity,'',id,weight,height,bmi,bp,pr,rr,temp,spo2.remarks,doctorincharge,doctorsignature);
		ELSEIF activity="UPDATE" THEN
			UPDATE patient
				SET patient.uid=uid,
				patient.id=id,
				patient.LastName=LastName,
				patient.`FirstName`=FirstName,
				patient.MiddleName=MiddleName,
				patient.Department_id=department_id,
				patient.course_id=Course_id,
				patient.Level=_Level,
				patient.BirthDay=Birthday,
				patient.Age=Age,
				patient.Sex=Sex,
				patient.CivilStatus=CivilStatus,
				patient.Nationality=Nationality,
				patient.HomeAddress=HomeAddress,
				patient.BoardingAddress=BoardingAddress,
				patient.FathersName=FathersName,
				patient.FathersOccupation=FathersOccupation,
				patient.FathersNumber=FathersnNumber,
				patient.MothersName=MothersName,
				patient.MothersOccupation=MothersOccupation,
				patient.MothersNumber=MothersNumber,
				patient.LandLadyName=LandLadyName,
				patient.LandLadyNumber=LandLadyNumber,
				patient.EmergencyCallName=EmergencyCallName,
				patient.EmergencyRelation=EmergencyRelation,
				patient.EmergencyNumber=EmergencyNumber,
				patient.FirstMenstruation=FirstMenstruation,
				patient.LastMenstruation=LastMenstruation,
				patient.Photo=Photo,
				patient.Signature=Signature
				WHERE patient.id=id;
		ELSEIF activity="DELETE" THEN
			DELETE FROM patient
				WHERE patient.`id`=id;
		ELSEIF activity="VIEW" THEN		
			SELECT * FROM patient
				WHERE patient.`id`=id;
		END IF;
	END */$$
DELIMITER ;

/* Procedure structure for procedure `vcrud_remark` */

/*!50003 DROP PROCEDURE IF EXISTS  `vcrud_remark` */;

DELIMITER $$

/*!50003 CREATE DEFINER=`root`@`%` PROCEDURE `vcrud_remark`(
    IN activity VARCHAR(10),
    IN remark_id VARCHAR(10),
    IN id VARCHAR(15),    
    IN weight FLOAT,
    IN height FLOAT,
    IN bmi FLOAT,
    IN bp VARCHAR(15),
    IN pr VARCHAR(15),
    IN rr VARCHAR(15),
    IN temp FLOAT,
    IN spo2 FLOAT,
    IN remarks VARCHAR(255),
    IN doctorincharge VARCHAR(50),
    IN doctorsignature mediumblob)
BEGIN
		IF activity="CREATE" THEN
			INSERT INTO remark
				VALUES(remark_id,id,weight,height,bmi,bp,pr,rr,temp,spo,remarks,doctorincharge,doctorsignature,NOW());
		ELSEIF activity="UPDATE" THEN
			UPDATE remark
				SET 
				remark.`patient_id`=id,
				remark.`weight`=weight,
				remark.`height`=height,
				remark.`BMI`=bmi,
				remark.`BP`=bp,
				remark.`PR`=pr,
				remark.`RR`=rr,
				remark.`Temperature`=temp,
				remark.`SPO2`=spo2,
				remark.`Remarks`=remarks,
				remark.`DoctorInCharge`=doctorincharge,
				remark.`DoctorSignature`=doctorsignature
				WHERE remark.`remark_id`=remark_id;
		ELSEIF activity="DELETE" THEN
			DELETE FROM remark
				WHERE remark.`remark_id`=remark_id;
		ELSEIF activity="VIEW" THEN		
			SELECT * FROM remark
				WHERE remark.`remark_id`=remark_id;
		END IF;
	END */$$
DELIMITER ;

/* Procedure structure for procedure `vcrud_treatment` */

/*!50003 DROP PROCEDURE IF EXISTS  `vcrud_treatment` */;

DELIMITER $$

/*!50003 CREATE DEFINER=`root`@`localhost` PROCEDURE `vcrud_treatment`(
    IN activity VARCHAR(10),
    IN treatment_id VARCHAR(10),
    IN id VARCHAR(15),    
    IN treatmentdate DATETIME,
    IN chiefcomplaints VARCHAR(255),
    IN diagnosis VARCHAR(255),
    IN bp VARCHAR(15),
    IN pr VARCHAR(15),
    IN rr VARCHAR(15),
    IN temp FLOAT,
    IN spo FLOAT,
    IN doctorincharge VARCHAR(50),
    IN referral VARCHAR(50))
BEGIN
		IF activity="CREATE" THEN
			INSERT INTO treatment
				VALUES(treatment_id,id,treatmentdate,chiefcomplaints,diagnosis,bp,pr,rr,temp,spo,doctorincharge,referral);
		ELSEIF activity="UPDATE" THEN
			UPDATE treatment
				SET 
				treatment.`patient_id`=id,
				treatment.`TreatmentDate`=treatmentdate,
				treatment.`ChiefComplaints`=chiefcomplaints,
				treatment.`Diagnosis`=diagnosis,
				treatment.`BP`=bp,
				treatment.`PR`=pr,
				treatment.`RR`=rr,
				treatment.`Temp`=temp,
				treatment.`SPO2`=spo2,
				treatment.`DoctorInCharge`=doctorincharge,
				treatment.`Referral`=referral
				WHERE treatment.`treatment_id`=treatment_id;
		ELSEIF activity="DELETE" THEN
			DELETE FROM treatment
				WHERE treatment.`treatment_id`=treatment_id;
		ELSEIF activity="VIEW" THEN		
			SELECT * FROM treatment
				WHERE treatment.`treatment_id`=treatment_id;
		END IF;
	END */$$
DELIMITER ;

/* Procedure structure for procedure `view_logs` */

/*!50003 DROP PROCEDURE IF EXISTS  `view_logs` */;

DELIMITER $$

/*!50003 CREATE DEFINER=`root`@`%` PROCEDURE `view_logs`()
BEGIN
	SELECT CONCAT(log_id,">"),comments FROM _clinic.`logs`
		ORDER BY lid DESC
		LIMIT 500;
		
	END */$$
DELIMITER ;

/*!40101 SET SQL_MODE=@OLD_SQL_MODE */;
/*!40014 SET FOREIGN_KEY_CHECKS=@OLD_FOREIGN_KEY_CHECKS */;
/*!40014 SET UNIQUE_CHECKS=@OLD_UNIQUE_CHECKS */;
/*!40111 SET SQL_NOTES=@OLD_SQL_NOTES */;
